Region,Sales,Profit,Quantity,Order_Count,Profit_Margin
West,725457.8245,108418.4489,12266,3203,14.944831
East,678781.24,91522.78,10618,2848,13.483399
Central,501239.8908,39706.3625,8780,2323,7.921629
South,391721.905,46749.4303,6209,1620,11.934342
